file,before,after,status
04_04_gene_level_longitudinal_dataset.parquet,c3ad317741d5f22c12407c033cc282db4fad4663cd8b84d40db0a105155e2eec,c3ad317741d5f22c12407c033cc282db4fad4663cd8b84d40db0a105155e2eec,PASS
04_source_data/04_05_decomposition_reconstruction_qc.csv,e6d27e66d4add5d5277c07b6bd88b291c989297d87cb49d8bb53333e5d1bca57,e6d27e66d4add5d5277c07b6bd88b291c989297d87cb49d8bb53333e5d1bca57,PASS
04_source_data/04_06_cohort_level_gene_contributions.csv,290100d82b7ddd0a25dfcba9d41f60be23ddc0b2b51b4b6b6f667099e19d1435,290100d82b7ddd0a25dfcba9d41f60be23ddc0b2b51b4b6b6f667099e19d1435,PASS
04_source_data/04_07_gene_contribution_meta_analysis.csv,f22856c3a66e122121383246c5d7a60c27a0e5b8f8c0e496444bbf68fb980fdd,f22856c3a66e122121383246c5d7a60c27a0e5b8f8c0e496444bbf68fb980fdd,PASS
04_source_data/04_08_signature_drift_architecture.csv,6c796db579354a86ac2dc3e78f8a9c3bcf92306a67923b76759d91f806165184,6c796db579354a86ac2dc3e78f8a9c3bcf92306a67923b76759d91f806165184,PASS
04_source_data/04_09_pathway_gene_coverage.csv,92aa56658e62f11d09afa1712c553d5ab5719d6cdffccb6246a29fe4b11093a6,92aa56658e62f11d09afa1712c553d5ab5719d6cdffccb6246a29fe4b11093a6,PASS
04_pathway_data/patient_level_pathway_changes.parquet,0dd53fef142f801178a8e1cd74097a6f3a5f212d8afd168799634f5d5aac6d20,0dd53fef142f801178a8e1cd74097a6f3a5f212d8afd168799634f5d5aac6d20,PASS
04_source_data/04_11_meta_longitudinal_pathway_changes.csv,2f19a711625015fbb4fcb967fe47d5d650613211334a39f3a5d582b418cd0abb,2f19a711625015fbb4fcb967fe47d5d650613211334a39f3a5d582b418cd0abb,PASS
04_source_data/04_12_meta_signature_pathway_coupling.csv,7cd7b940fdfa7f307aefdea8d221d501a634fd4f3d4c3b04842ddee8bfc48fa1,7cd7b940fdfa7f307aefdea8d221d501a634fd4f3d4c3b04842ddee8bfc48fa1,PASS
04_source_data/04_13_cell_source_annotation.csv,fccba13a9adbd7e51f706afd6f21f83bba86c96a9bb8e5c3869c551cb101effe,fccba13a9adbd7e51f706afd6f21f83bba86c96a9bb8e5c3869c551cb101effe,PASS
04_source_data/04_15_clinical_anchor_availability_audit.csv,8d94db7da4f51e11610f869ab278d274a8f2219af0413d7210ca2b27c8d0291c,8d94db7da4f51e11610f869ab278d274a8f2219af0413d7210ca2b27c8d0291c,PASS
04_source_data/04_20_integrated_signature_interpretation_matrix.csv,790009e5348fa46736c32d8127dc693d82c4b39fc5bba47ae6bc1cf1f5396b45,790009e5348fa46736c32d8127dc693d82c4b39fc5bba47ae6bc1cf1f5396b45,PASS
